{"cameraMode":{"drawMode":0,"name":"Shaded","section":"Shading Mode"},"sceneLighting":false,"audioPlay":false,"sceneViewState":{"showFog":true,"showMaterialUpdate":false,"showSkybox":false,"showFlares":true,"showImageEffects":true,"showParticleSystems":true},"in2DMode":false,"pivot":{"x":36.1915397644043,"y":12.713346481323243,"z":30.104528427124025},"rotation":{"x":-0.05451511591672897,"y":-0.9453621506690979,"z":0.21935729682445527,"w":-0.23494867980480195},"size":2.548389434814453,"orthographic":true}