{"cameraMode":{"drawMode":0,"name":"Shaded","section":"Shading Mode"},"sceneLighting":false,"audioPlay":false,"sceneViewState":{"showFog":true,"showMaterialUpdate":false,"showSkybox":false,"showFlares":true,"showImageEffects":true,"showParticleSystems":true},"in2DMode":false,"pivot":{"x":0.7286388278007507,"y":0.05082318186759949,"z":4.321449279785156},"rotation":{"x":0.11435233801603317,"y":-0.8716715574264526,"z":0.40983375906944277,"w":0.2432047426700592},"size":0.559065043926239,"orthographic":true}