{"cameraMode":{"drawMode":0,"name":"Shaded","section":"Shading Mode"},"sceneLighting":false,"audioPlay":false,"sceneViewState":{"showFog":true,"showMaterialUpdate":false,"showSkybox":false,"showFlares":true,"showImageEffects":true,"showParticleSystems":true},"in2DMode":false,"pivot":{"x":35.0495491027832,"y":12.662070274353028,"z":29.06280517578125},"rotation":{"x":0.34911590814590456,"y":-0.431225448846817,"z":0.18562889099121095,"w":0.8109899759292603},"size":1.1851780414581299,"orthographic":true}