{"cameraMode":{"drawMode":0,"name":"Shaded","section":"Shading Mode"},"sceneLighting":false,"audioPlay":false,"sceneViewState":{"showFog":true,"showMaterialUpdate":false,"showSkybox":false,"showFlares":true,"showImageEffects":true,"showParticleSystems":true},"in2DMode":false,"pivot":{"x":-25.935516357421876,"y":19.162948608398439,"z":64.359375},"rotation":{"x":0.2876468598842621,"y":0.06687378883361817,"z":-0.02014078199863434,"w":0.955186665058136},"size":1.9673380851745606,"orthographic":true}