{"cameraMode":{"drawMode":0,"name":"Shaded","section":"Shading Mode"},"sceneLighting":false,"audioPlay":false,"sceneViewState":{"showFog":true,"showMaterialUpdate":false,"showSkybox":false,"showFlares":true,"showImageEffects":true,"showParticleSystems":true},"in2DMode":false,"pivot":{"x":2.8090500831604006,"y":9.138341903686524,"z":-5.582886695861816},"rotation":{"x":-0.033144958317279819,"y":0.9257590770721436,"z":-0.08354522287845612,"w":-0.36727622151374819},"size":1.9708811044692994,"orthographic":true}