{"cameraMode":{"drawMode":0,"name":"Shaded","section":"Shading Mode"},"sceneLighting":false,"audioPlay":false,"sceneViewState":{"showFog":true,"showMaterialUpdate":false,"showSkybox":false,"showFlares":true,"showImageEffects":true,"showParticleSystems":true},"in2DMode":false,"pivot":{"x":12.978880882263184,"y":0.05019480362534523,"z":13.999041557312012},"rotation":{"x":0.029948724433779718,"y":-0.9584608674049377,"z":0.10974027216434479,"w":0.26155877113342287},"size":2.8407459259033205,"orthographic":true}