{"cameraMode":{"drawMode":0,"name":"Shaded","section":"Shading Mode"},"sceneLighting":true,"audioPlay":false,"sceneViewState":{"showFog":true,"showMaterialUpdate":false,"showSkybox":true,"showFlares":true,"showImageEffects":true,"showParticleSystems":true},"in2DMode":false,"pivot":{"x":85.11257934570313,"y":28.553905487060548,"z":49.6241340637207},"rotation":{"x":0.004536275286227465,"y":-0.9715134501457214,"z":0.23620644211769105,"w":0.01864885911345482},"size":3.9902517795562746,"orthographic":true}