{"cameraMode":{"drawMode":0,"name":"Shaded","section":"Shading Mode"},"sceneLighting":false,"audioPlay":false,"sceneViewState":{"showFog":true,"showMaterialUpdate":false,"showSkybox":false,"showFlares":true,"showImageEffects":true,"showParticleSystems":true},"in2DMode":false,"pivot":{"x":33.350303649902347,"y":4.250555038452148,"z":-5.0312910079956059},"rotation":{"x":0.2876468598842621,"y":0.06687378883361817,"z":-0.02014078199863434,"w":0.955186665058136},"size":2.8578836917877199,"orthographic":true}