{"cameraMode":{"drawMode":0,"name":"Shaded","section":"Shading Mode"},"sceneLighting":false,"audioPlay":false,"sceneViewState":{"showFog":true,"showMaterialUpdate":false,"showSkybox":false,"showFlares":true,"showImageEffects":true,"showParticleSystems":true},"in2DMode":false,"pivot":{"x":13.779999732971192,"y":-29.389999389648439,"z":9.448663711547852},"rotation":{"x":0.029948724433779718,"y":-0.9584608674049377,"z":0.10974027216434479,"w":0.26155877113342287},"size":2.8578836917877199,"orthographic":true}