{"cameraMode":{"drawMode":0,"name":"Shaded","section":"Shading Mode"},"sceneLighting":false,"audioPlay":false,"sceneViewState":{"showFog":true,"showMaterialUpdate":false,"showSkybox":false,"showFlares":true,"showImageEffects":true,"showParticleSystems":true},"in2DMode":false,"pivot":{"x":-0.860424816608429,"y":8.300453186035157,"z":-13.399175643920899},"rotation":{"x":0.2419988512992859,"y":0.450748085975647,"z":-0.1284012347459793,"w":0.8495739698410034},"size":1.4245929718017579,"orthographic":true}