{"cameraMode":{"drawMode":0,"name":"Shaded","section":"Shading Mode"},"sceneLighting":true,"audioPlay":false,"sceneViewState":{"showFog":true,"showMaterialUpdate":false,"showSkybox":true,"showFlares":true,"showImageEffects":true,"showParticleSystems":true},"in2DMode":false,"pivot":{"x":140.13723754882813,"y":42.29534149169922,"z":28.329910278320314},"rotation":{"x":-0.1618635356426239,"y":0.49864813685417178,"z":-0.09538295865058899,"w":-0.8461987376213074},"size":15.808713912963868,"orthographic":false}